CREATE TABLE Employee(Employee_Id INT,EMP_NAME VARCHAR(35),DESIGNATION VARCHAR(50),DOJ VARCHAR(50),PH_NO VARCHAR(50),Email VARCHAR(100),City VARCHAR(25),State VARCHAR(25),PRIMARY KEY(Employee_Id));
INSERT INTO Employee VALUES (101,'Ojas','Brand Manager','14-04-16','+91-8521479630','ojas@gmail.com','Kollam','Kerala');
INSERT INTO Employee VALUES (102,'Vrushali','Auditor','21-06-18','+91-7892541630','vrushal@gmail.com','Coimbatore','Tamilnadu');
INSERT INTO Employee VALUES (103,'Pratik','Data Analyst','13-08-19','+91-8452639485','prathik@gmail.com','Ahmedabad','Gujarat');
INSERT INTO Employee VALUES (104,'Chetan','Product Manger','12-04-11','+91-8541203697','chetan@gmail.com','Hyderabad','Telegana');
INSERT INTO Employee VALUES (105,'Anugraha','Marketing Manager','16-08-17','+91-9654123021','anugrha@gmail.com','Chennai','Tamilnadu');
INSERT INTO Employee VALUES (106,'Rasagnya','Brand Manager','25-07-18','+91-7412589630','rasagn@gmail.com','Dehradun','Uttarakhand');
INSERT INTO Employee VALUES (107,'Raha','Data Analyst','25-07-18','+91-9935623254','raha@gmail.com','Mumbai','Maharashtra');
INSERT INTO Employee VALUES (108,'Samyukta','Sales Manager','21-01-19','+91-9656462634','samyukta@gmail.com','Kochi','Kerala');
INSERT INTO Employee VALUES (109,'Sachcet','Auditor','14-09-18','+91-8169332941','sachet@gmail.com','Chennai','Coimabatore');
INSERT INTO Employee VALUES (110,'Nikitha','Marketing Manager','05-10-19','+91-7536229237','nikitha@gmail.com','Mumbai','Maharashtra');
SELECT * FROM Employee;

CREATE TABLE AccountDetails(Account_Id INT,Account_Number VARCHAR(50),IFSC_Code VARCHAR(100),Employee_Id INT,PRIMARY KEY (Account_Id),FOREIGN KEY (Employee_Id) REFERENCES Employee(Employee_Id));
INSERT INTO AccountDetails VALUES (40,'H12344','HDFC0000003',101);
INSERT INTO AccountDetails VALUES (41,'H12345','HDFC0000007',102);
INSERT INTO AccountDetails VALUES (42,'H12346','HDFC00000014',103);
INSERT INTO AccountDetails VALUES (43,'H12349','HDFC0000008',104);
INSERT INTO AccountDetails VALUES (44,'H12344','HDFC0000012',105);
INSERT INTO AccountDetails VALUES (45,'H12345','HDFC0000017',106);
INSERT INTO AccountDetails VALUES (46,'H12345','HDFC0000021',107);
INSERT INTO AccountDetails VALUES (47,'H12338','HDFC0000028',108);
INSERT INTO AccountDetails VALUES (48,'H12329','HDFC0000011',109);
INSERT INTO AccountDetails VALUES (49,'H12352','HDFC0000034',110);
SELECT * FROM AccountDetails;

CREATE TABLE Departments(DEPT_ID INT,DEPT_NAME varchar(50),PROJECT_ID INT,Employee_Id INT,PRIMARY KEY (DEPT_ID),FOREIGN KEY (Employee_Id) REFERENCES Employee(Employee_Id));
INSERT INTO Departments VALUES(1201,'HR',201,101);
INSERT INTO Departments VALUES(1202,'Finance',202,102);
INSERT INTO Departments VALUES(1203,'Sales',203,103);
INSERT INTO Departments VALUES(1204,'Marketing',204,104);
INSERT INTO Departments VALUES(1205,'Production',205,105);
INSERT INTO Departments VALUES(1206,'Management',206,106);
INSERT INTO Departments VALUES(1207,'Sales',207,107);
INSERT INTO Departments VALUES(1208,'Marketing',208,108);
INSERT INTO Departments VALUES(1209,'Finance',209,109);
INSERT INTO Departments VALUES(1210,'Marketing',210,110);
SELECT * FROM Departments; 

CREATE TABLE Salary(Salary_Id INT,Account_Id INT,Employee_Id INT,salary_amt INT,tax_amt INT,pf INT,bonus INT,primary key (Salary_Id),foreign key (Account_Id) references AccountDetails (Account_Id),foreign key (Employee_Id) references Employee(Employee_Id));
INSERT INTO Salary VALUES (1,40,101,90000,9000,4500,2250);
INSERT INTO Salary VALUES (2,41,102,230000,23000,11500,5750);
INSERT INTO Salary VALUES (3,42,103,135000,13500,6750,3375);
INSERT INTO Salary VALUES (4,43,104,65000,6500,3250,1625);
INSERT INTO Salary VALUES (5,44,105,60000,6000,3000,1500);
INSERT INTO Salary VALUES (6,45,106,55000,5500,2750,1375);
INSERT INTO Salary VALUES (7,46,107,59000,5900,2800,1400);
INSERT INTO Salary VALUES (8,47,108,72000,7200,3000,1500);
INSERT INTO Salary VALUES (9,48,109,60000,6000,3200,1620);
INSERT INTO Salary VALUES (10,49,110,130000,13000,3800,1780);
SELECT * FROM Salary;

CREATE TABLE LeaveDetails(Leave_Id INT,Employee_Id INT,Leave_date VARCHAR(20),PRIMARY KEY (Leave_Id),FOREIGN KEY(Employee_Id) REFERENCES Employee(Employee_Id));
INSERT INTO LeaveDetails VALUES (51,101,'23-06-1');
INSERT INTO LeaveDetails VALUES (52,102, '23-06-2');
INSERT INTO LeaveDetails VALUES (53,103, '23-06-3');
INSERT INTO LeaveDetails VALUES (54,104, '23-06-4');
INSERT INTO LeaveDetails VALUES (55,105, '23-06-1');
INSERT INTO LeaveDetails VALUES (56,101, '23-06-22');
INSERT INTO LeaveDetails VALUES (57,103, '23-06-12');
INSERT INTO LeaveDetails VALUES (58,103, '23-06-25');
INSERT INTO LeaveDetails VALUES (59,109, '23-06-18');
INSERT INTO LeaveDetails VALUES (60,104, '23-06-30');
SELECT * FROM LeaveDetails;
drop table LeaveDetails;
select a.EMP_NAME,b.salary_amt from Employee a,Salary b where a.Employee_Id=b.Employee_Id;
select EMP_NAME from Employee WHERE City='Mumbai';
SELECT COUNT(*) FROM Salary WHERE bonus>2000;
SELECT COUNT(Leave_Id) FROM LeaveDetails WHERE Leave_date='23-06-1';
SELECT * FROM Salary order by salary_amt desc fetch first row only;
SELECT a.Designation,a.EMP_NAME,b.salary_amt FROM Employee a,Salary b where a.Employee_Id=b.Employee_Id ORDER BY salary_amt DESC FETCH FIRST ROW ONLY;
select a.EMP_NAME,a.Designation,b.DEPT_NAME from Employee a inner join Department b on a.Employee_Id=b.Employee_Id;
SELECT a.EMP_NAME,a.Designation,b.DEPT_NAME,c.Leave_date FROM Employee a NATURAL JOIN Department b NATURAL JOIN LeaveDetails c;
UPDATE Salary SET bonus=3000 WHERE Salary_amt<=60000;
SELECT * FROM Salary;